column,agent,avg_min_sanity3,avg_min_all24,ctx,sampling,timeout_aware
k27_q2_2bit,custom tool-aware solver (pre-CLI),,,131072,temp 1.0 / top-p 0.95,
kimik3_reap640_iq1s,Kimi Code CLI,,,131072,temp 1.0 / top-p 0.95,
kimik3_reap576_iq2xxs,Kimi Code CLI,,,131072,temp 1.0 / top-p 0.95,
kimik3_streamed896_iq2xxs_18000s,Kimi Code CLI,185.0,,131072,temp 1.0 / top-p 0.95,
kimik3_streamed896_iq2xxs_18000s_attempt2,Kimi Code CLI,,,131072,temp 1.0 / top-p 0.95,
qwen38_a95b_udiq1s_10800s,Qwen Code CLI 0.21.10-0.21.11,130.3,,131072,temp 1.0 / top-p 0.95 / top-k 20,1
qwen38_reap256_iq1s_10800s,Qwen Code CLI 0.21.11,88.0,,131072,temp 1.0 / top-p 0.95 / top-k 20,1
gemma4_31b_nvfp4_pi_promptv1,pi,4.3,6.2,131072,temp 1.0 / top-p 0.95,1
qwen38_27b_bf16_pi_promptv1,pi,15.0,43.8,131072,temp 1.0 / top-p 0.95,1
